{
  "hypothesis": "H7 — Empirical bands",
  "window_start": "2026-05-11T10:00:00Z",
  "total_rows": 1592,
  "current_strong_sell": {
    "n": 47,
    "mean_alpha": -0.24914893617021286
  },
  "empirical_buckets": [
    {
      "quantile_pct": 5,
      "cut_score": 29,
      "n": 97,
      "mean_alpha": -0.310721649484536,
      "lift_pp": 0.06157271331432315
    },
    {
      "quantile_pct": 10,
      "cut_score": 31,
      "n": 234,
      "mean_alpha": -0.43367521367521383,
      "lift_pp": 0.18452627750500097
    },
    {
      "quantile_pct": 20,
      "cut_score": 33,
      "n": 410,
      "mean_alpha": -0.520487804878049,
      "lift_pp": 0.2713388687078362
    }
  ],
  "verdict": "INCONCLUSIVE",
  "summary": "current STRONG_SELL n=47, total n=1592 insufficient"
}
